name,url,category,brand,specifications,prices
iPad A16 WiFi 128GB,https://www.thegioididong.com/may-tinh-bang/ipad-11-wifi-128gb,máy tính bảng,iPad (Apple),"{'Công nghệ màn hình': 'Retina IPS LCD', 'Độ phân giải': '12 MP', 'Màn hình rộng': '11"" - Tần số quét 60 Hz', 'Hệ điều hành': 'iPadOS 18', 'Chip xử lý (CPU)': 'Apple A16 5 nhân', 'Tốc độ CPU': 'Hãng không công bố', 'Chip đồ hoạ (GPU)': 'Apple GPU 4 nhân', 'RAM': '6 GB', 'Dung lượng lưu trữ': '128 GB', 'Dung lượng còn lại (khả dụng) khoảng': '113 GB', 'Quay phim': '4K 2160p@30fps', 'Tính năng': 'Trôi nhanh thời gian (Time Lapse)', 'Thực hiện cuộc gọi': 'Nghe gọi qua FaceTime', 'Wifi': 'Wi-Fi 6', 'GPS': 'iBeacon', 'Bluetooth': 'v5.3', 'Cổng kết nối/sạc': 'Type-C', 'Jack tai nghe': 'Type-C', 'Tính năng đặc biệt': 'Âm thanh Dolby Atmos', 'Ghi âm': 'Có', 'Dung lượng pin': '28.93 Wh', 'Loại pin': 'Li-Po', 'Công nghệ pin': 'Sạc pin nhanh', 'Hỗ trợ sạc tối đa': '20 W', 'Sạc kèm theo máy': '20 W', 'Chất liệu': 'Nhôm nguyên khối', 'Kích thước, khối lượng': 'Dài 248.6 mm - Ngang 179.5 mm - Dày 7 mm - Nặng 477 g', 'Thời điểm ra mắt': '03/2025', 'Hãng': 'iPad (Apple). Xem thông tin hãng'}","[{'color': 'Xanh Dương', 'price': 8690000.0}, {'color': 'Bạc', 'price': 8690000.0}, {'color': 'Hồng', 'price': 8690000.0}, {'color': 'Vàng', 'price': 8690000.0}]"
iPad Air M3 11 inch WiFi 128GB,https://www.thegioididong.com/may-tinh-bang/ipad-air-m3-11-inch-wifi-128gb,máy tính bảng,iPad (Apple),"{'Công nghệ màn hình': 'Retina IPS LCD', 'Độ phân giải': '12 MP', 'Màn hình rộng': '11"" - Tần số quét Hãng không công bố', 'Hệ điều hành': 'iPadOS 18', 'Chip xử lý (CPU)': 'Apple M3 8 nhân', 'Tốc độ CPU': 'Hãng không công bố', 'Chip đồ hoạ (GPU)': 'Apple GPU 9 nhân', 'RAM': '8 GB', 'Dung lượng lưu trữ': '128 GB', 'Dung lượng còn lại (khả dụng) khoảng': '113 GB', 'Quay phim': '4K 2160p@30fps', 'Tính năng': 'Trôi nhanh thời gian (Time Lapse)', 'Thực hiện cuộc gọi': 'Nghe gọi qua FaceTime', 'Wifi': 'Wi-Fi 6E', 'GPS': 'iBeacon', 'Bluetooth': 'v5.3', 'Cổng kết nối/sạc': 'Type-C', 'Jack tai nghe': 'Type-C', 'Tính năng đặc biệt': 'Âm thanh Dolby Atmos', 'Ghi âm': 'Có', 'Dung lượng pin': '28.93 Wh', 'Loại pin': 'Li-Po', 'Công nghệ pin': 'Sạc pin nhanh', 'Hỗ trợ sạc tối đa': '20 W', 'Sạc kèm theo máy': '20 W', 'Chất liệu': 'Nhôm nguyên khối', 'Kích thước, khối lượng': 'Dài 247.6 mm - Ngang 178.5 mm - Dày 6.1 mm - Nặng 460 g', 'Thời điểm ra mắt': '03/2025', 'Hãng': 'iPad (Apple). Xem thông tin hãng'}","[{'color': 'Tím', 'price': 16990000.0}, {'color': 'Xanh Dương', 'price': 16990000.0}, {'color': 'Trắng Starlight', 'price': 16990000.0}, {'color': 'Đen - Xám', 'price': 16990000.0}]"
Xiaomi Pad 7 WiFi 8GB/256GB,https://www.thegioididong.com/may-tinh-bang/xiaomi-pad-7-8gb-256gb,máy tính bảng,Xiaomi,"{'Công nghệ màn hình': 'IPS LCD', 'Độ phân giải': '8 MP', 'Màn hình rộng': '11.2"" - Tần số quét 144 Hz', 'Hệ điều hành': 'Xiaomi HyperOS 2', 'Chip xử lý (CPU)': 'Snapdragon 7+ Gen 3 8 nhân', 'Tốc độ CPU': '2.8 GHz', 'Chip đồ hoạ (GPU)': 'Andreno 732', 'RAM': '8 GB', 'Dung lượng lưu trữ': '256 GB', 'Dung lượng còn lại (khả dụng) khoảng': '241 GB', 'Tính năng': 'Làm đẹp', 'Wifi': 'Wi-Fi Direct', 'Bluetooth': 'v5.4', 'Cổng kết nối/sạc': 'Type-C', 'Jack tai nghe': 'Type-C', 'Ghi âm': 'Có', 'Radio': 'Có', 'Dung lượng pin': '8850 mAh', 'Loại pin': 'Li-Po', 'Hỗ trợ sạc tối đa': '45 W', 'Sạc kèm theo máy': '45 W', 'Chất liệu': 'Nhôm nguyên khối', 'Kích thước, khối lượng': 'Dài 251.22 mm - Ngang 173.42 mm - Dày 6.18 mm - Nặng 500 g', 'Thời điểm ra mắt': '03/2025', 'Hãng': 'Xiaomi. Xem thông tin hãng'}","[{'color': 'Xanh Dương', 'price': 11490000.0}, {'color': 'Xanh lá', 'price': 11490000.0}, {'color': 'Xám', 'price': 11490000.0}]"
OPPO Pad 3 8GB/256GB,https://www.thegioididong.com/may-tinh-bang/oppo-pad-3,máy tính bảng,OPPO,"{'Công nghệ màn hình': 'LTPS LCD', 'Độ phân giải': '8 MP', 'Màn hình rộng': '11.61"" - Tần số quét 144 Hz', 'Hệ điều hành': 'Android 15', 'Chip xử lý (CPU)': 'MediaTek Dimensity 8350 8 nhân', 'Tốc độ CPU': '3.35 GHz', 'Chip đồ hoạ (GPU)': 'Mali-G615 MC6', 'RAM': '8 GB', 'Dung lượng lưu trữ': '256 GB', 'Dung lượng còn lại (khả dụng) khoảng': '230 GB', 'Quay phim': '4K 2160p@30fps', 'Tính năng': 'Trôi nhanh thời gian (Time Lapse)', 'Wifi': 'Wi-Fi 6', 'Bluetooth': 'v5.4', 'Cổng kết nối/sạc': 'Type-C', 'Jack tai nghe': 'Type-C', 'Kết nối khác': 'OTG', 'Tính năng đặc biệt': 'Mở khóa bằng khuôn mặt', 'Kháng nước, bụi': 'IPX2', 'Dung lượng pin': '9520 mAh', 'Loại pin': 'Li-Po', 'Công nghệ pin': 'SUPERVOOC', 'Hỗ trợ sạc tối đa': '67 W', 'Chất liệu': 'Kim loại nguyên khối', 'Kích thước, khối lượng': 'Dài 257.75 mm - Ngang 189.11 mm - Dày 6.29 mm - Nặng 536 g', 'Thời điểm ra mắt': '01/2025', 'Hãng': 'OPPO. Xem thông tin hãng'}","[{'color': 'Bạc', 'price': 11390000.0}]"
Samsung Galaxy Tab S10 FE 5G 8GB/128GB,https://www.thegioididong.com/may-tinh-bang/samsung-galaxy-tab-s10-fe-5g,máy tính bảng,Samsung,"{'Công nghệ màn hình': 'TFT LCD', 'Độ phân giải': '12 MP', 'Màn hình rộng': '10.9"" - Tần số quét 90 Hz', 'Hệ điều hành': 'Android 15', 'Chip xử lý (CPU)': 'Exynos 1580 8 nhân', 'Tốc độ CPU': '2.9 GHz', 'Chip đồ hoạ (GPU)': 'Xclipse 540', 'RAM': '8 GB', 'Dung lượng lưu trữ': '128 GB', 'Dung lượng còn lại (khả dụng) khoảng': '106.2 GB', 'Thẻ nhớ ngoài': 'Micro SD, hỗ trợ tối đa 2 TB', 'Quay phim': '4K 2160p@30fps', 'Tính năng': 'Xóa phông', 'Mạng di động': '5G', 'SIM': '1 Nano SIM & 1 eSIM', 'Thực hiện cuộc gọi': 'Có nghe gọi', 'Wifi': 'Wi-Fi Direct', 'GPS': 'QZSS', 'Bluetooth': 'v5.3', 'Cổng kết nối/sạc': 'Type-C', 'Jack tai nghe': 'Type-C', 'Tính năng đặc biệt': 'Xoá vật thể AI', 'Kháng nước, bụi': 'IP68', 'Ghi âm': 'Có', 'Dung lượng pin': '8000 mAh', 'Loại pin': 'Li-Ion', 'Công nghệ pin': 'Sạc pin nhanh', 'Hỗ trợ sạc tối đa': '45 W', 'Chất liệu': 'Nhôm nguyên khối', 'Kích thước, khối lượng': 'Dài 254.3 mm - Ngang 165.8 mm - Dày 6 mm - Nặng 500 g', 'Thời điểm ra mắt': '04/2025', 'Hãng': 'Samsung. Xem thông tin hãng'}","[{'color': 'Bạc', 'price': 14590000.0}, {'color': 'Xám', 'price': 14590000.0}, {'color': 'Xanh Dương', 'price': 14590000.0}]"
Samsung Galaxy Tab S10+ WiFi 12GB/256GB,https://www.thegioididong.com/may-tinh-bang/samsung-galaxy-tab-s10-plus,máy tính bảng,Samsung,"{'Công nghệ màn hình': 'Dynamic AMOLED 2X', 'Độ phân giải': '12 MP', 'Màn hình rộng': '12.4"" - Tần số quét 120 Hz', 'Hệ điều hành': 'Android 14', 'Chip xử lý (CPU)': 'MediaTek Dimensity 9300+ 8 nhân', 'Tốc độ CPU': '3.4 GHz', 'Chip đồ hoạ (GPU)': 'ARM Immortalis G720', 'RAM': '12 GB', 'Dung lượng lưu trữ': '256 GB', 'Dung lượng còn lại (khả dụng) khoảng': '218.2 GB', 'Thẻ nhớ ngoài': 'Micro SD, hỗ trợ tối đa 1.5 TB', 'Quay phim': '4K 2160p@30fps', 'Tính năng': 'Trôi nhanh thời gian (Time Lapse)', 'Wifi': 'Wi-Fi Direct', 'GPS': 'QZSS', 'Bluetooth': 'v5.3', 'Cổng kết nối/sạc': 'Type-C', 'Jack tai nghe': 'Type-C', 'Tính năng đặc biệt': 'Trợ lý phiên dịch', 'Kháng nước, bụi': 'IP68', 'Ghi âm': 'Có', 'Radio': 'Có', 'Dung lượng pin': '10090 mAh', 'Loại pin': 'Li-Ion', 'Công nghệ pin': 'Sạc pin nhanh', 'Hỗ trợ sạc tối đa': '45 W', 'Chất liệu': 'Nhôm nguyên khối', 'Kích thước, khối lượng': 'Dài 285.4 mm - Ngang 185.4 mm - Dày 5.7 mm - Nặng 571 g', 'Thời điểm ra mắt': '10/2024', 'Hãng': 'Samsung. Xem thông tin hãng'}","[{'color': 'Xám', 'price': 21290000.0}, {'color': 'Bạc', 'price': 21290000.0}]"
Xiaomi Redmi Pad SE WiFi 4GB/128GB,https://www.thegioididong.com/may-tinh-bang/xiaomi-redmi-pad-se-4gb,máy tính bảng,Xiaomi,"{'Công nghệ màn hình': 'IPS LCD', 'Độ phân giải': '5 MP', 'Màn hình rộng': '11"" - Tần số quét 90 Hz', 'Hệ điều hành': 'Android 13', 'Chip xử lý (CPU)': 'Snapdragon 680 8 nhân', 'Tốc độ CPU': '2.4 GHz', 'Chip đồ hoạ (GPU)': 'Adreno 610', 'RAM': '4 GB', 'Dung lượng lưu trữ': '128 GB', 'Dung lượng còn lại (khả dụng) khoảng': '115 GB', 'Thẻ nhớ ngoài': 'Micro SD, hỗ trợ tối đa 1 TB', 'Quay phim': 'HD 720p@30fps', 'Tính năng': 'Quay video HD', 'Wifi': 'Wi-Fi 802.11 a/b/g/n/ac', 'Bluetooth': 'v5.0', 'Cổng kết nối/sạc': 'Type-C', 'Jack tai nghe': '3.5 mm', 'Kết nối khác': 'OTG', 'Tính năng đặc biệt': 'Ứng dụng kép (Nhân bản ứng dụng)', 'Ghi âm': 'Có', 'Dung lượng pin': '8000 mAh', 'Loại pin': 'Li-Po', 'Công nghệ pin': 'Tiết kiệm pin', 'Hỗ trợ sạc tối đa': '10 W', 'Sạc kèm theo máy': '10 W', 'Chất liệu': 'Kim loại nguyên khối', 'Kích thước, khối lượng': 'Dài 255.53 mm - Ngang 167.08 mm - Dày 7.36 mm - Nặng 478 g', 'Thời điểm ra mắt': '09/2023', 'Hãng': 'Xiaomi. Xem thông tin hãng'}","[{'color': 'Xanh lá', 'price': 4490000.0}, {'color': 'Xám', 'price': 4490000.0}, {'color': 'Tím', 'price': 4490000.0}]"
Xiaomi Redmi Pad Pro WiFi 6GB/128GB,https://www.thegioididong.com/may-tinh-bang/xiaomi-redmi-pad-pro-6gb-128gb,máy tính bảng,Xiaomi,"{'Công nghệ màn hình': 'IPS LCD', 'Độ phân giải': '8 MP', 'Màn hình rộng': '12.1"" - Tần số quét 120 Hz', 'Hệ điều hành': 'Xiaomi HyperOS (Android 14)', 'Chip xử lý (CPU)': 'Snapdragon 7s Gen 2 8 nhân', 'Tốc độ CPU': '4 nhân 2.3 GHz & 4 nhân 1.95 GHz', 'Chip đồ hoạ (GPU)': 'Adreno 710', 'RAM': '6 GB', 'Dung lượng lưu trữ': '128 GB', 'Dung lượng còn lại (khả dụng) khoảng': '103 GB', 'Thẻ nhớ ngoài': 'Micro SD, hỗ trợ tối đa 1.5 TB', 'Quay phim': 'HD 720p@30fps', 'Tính năng': 'Vẫy tay chụp ảnh', 'Wifi': 'Wi-Fi Direct', 'GPS': 'Hãng không công bố', 'Bluetooth': 'v5.2', 'Cổng kết nối/sạc': 'Type-C', 'Jack tai nghe': '3.5 mm', 'Tính năng đặc biệt': 'Ứng dụng kép (Nhân bản ứng dụng)', 'Ghi âm': 'Có', 'Dung lượng pin': '10000 mAh', 'Loại pin': 'Li-Po', 'Công nghệ pin': 'Sạc pin nhanh', 'Hỗ trợ sạc tối đa': '33 W', 'Sạc kèm theo máy': '33 W', 'Chất liệu': 'Kim loại nguyên khối', 'Kích thước, khối lượng': 'Dài 280 mm - Ngang 181.85 mm - Dày 7.52 mm - Nặng 571 g', 'Thời điểm ra mắt': '06/2024', 'Hãng': 'Xiaomi. Xem thông tin hãng'}","[{'color': 'Xám', 'price': 7290000.0}, {'color': 'Xanh Dương', 'price': 7290000.0}, {'color': 'Xanh lá', 'price': 7290000.0}]"
OPPO Pad Neo WiFi 6GB/128GB,https://www.thegioididong.com/may-tinh-bang/oppo-pad-neo-6gb,máy tính bảng,OPPO,"{'Công nghệ màn hình': 'IPS LCD', 'Độ phân giải': '8 MP', 'Màn hình rộng': '11.4"" - Tần số quét 90 Hz', 'Hệ điều hành': 'Android 13', 'Chip xử lý (CPU)': 'MediaTek Helio G99', 'Tốc độ CPU': '2.2 GHz', 'Chip đồ hoạ (GPU)': 'Mali-G57 MC2', 'RAM': '6 GB', 'Dung lượng lưu trữ': '128 GB', 'Dung lượng còn lại (khả dụng) khoảng': '109 GB', 'Thẻ nhớ ngoài': 'Micro SD, hỗ trợ tối đa 1 TB', 'Quay phim': 'HD 720p@30fps', 'Tính năng': 'Trôi nhanh thời gian (Time Lapse)', 'Wifi': 'Wi-Fi Direct', 'GPS': 'GPS', 'Bluetooth': 'v5.2', 'Cổng kết nối/sạc': 'Type-C', 'Jack tai nghe': 'Type-C', 'Kết nối khác': 'OTG', 'Tính năng đặc biệt': 'Ứng dụng kép (Nhân bản ứng dụng)', 'Ghi âm': 'Có', 'Dung lượng pin': '8000 mAh', 'Loại pin': 'Li-Po', 'Công nghệ pin': 'SUPERVOOC', 'Hỗ trợ sạc tối đa': '33 W', 'Sạc kèm theo máy': '33 W', 'Chất liệu': 'Khung kim loại & Mặt lưng kính, nhôm', 'Kích thước, khối lượng': 'Dài 255.12 mm - Ngang 188.04 mm - Dày 6.89 mm - Nặng 538 g', 'Thời điểm ra mắt': '01/2024', 'Hãng': 'OPPO. Xem thông tin hãng'}","[{'color': 'Xám', 'price': 6690000.0}]"
TCL Tab 10L Gen 3 WiFi 4GB/64GB,https://www.thegioididong.com/may-tinh-bang/tcl-tab-10l-gen-3,máy tính bảng,TCL,"{'Công nghệ màn hình': 'IPS LCD', 'Độ phân giải': '5 MP', 'Màn hình rộng': '10.1"" - Tần số quét 60 Hz', 'Hệ điều hành': 'Android 14', 'Chip xử lý (CPU)': 'MediaTek Helio G36 8 nhân', 'Tốc độ CPU': '2.2 GHz', 'Chip đồ hoạ (GPU)': 'IMG GE8320', 'RAM': '4 GB', 'Dung lượng lưu trữ': '64 GB', 'Dung lượng còn lại (khả dụng) khoảng': '45 GB', 'Thẻ nhớ ngoài': 'Micro SD, hỗ trợ tối đa 1 TB', 'Quay phim': 'FullHD 1080p@30fps', 'Tính năng': 'Quay video Full HD', 'Wifi': 'Wi-Fi 802.11 a/b/g/n/ac', 'Bluetooth': 'v5.0', 'Cổng kết nối/sạc': 'Type-C', 'Jack tai nghe': '3.5 mm', 'Kết nối khác': 'OTG', 'Tính năng đặc biệt': 'Loa kép', 'Ghi âm': 'Có', 'Radio': 'Có', 'Dung lượng pin': '6000 mAh', 'Loại pin': 'Li-Po', 'Công nghệ pin': 'Tiết kiệm pin', 'Hỗ trợ sạc tối đa': '10 W', 'Sạc kèm theo máy': '10 W', 'Chất liệu': 'Kim loại nguyên khối', 'Kích thước, khối lượng': 'Dài 241.2 mm - Ngang 156.6 mm - Dày 7.99 mm - Nặng 472 g', 'Thời điểm ra mắt': '11/2024'}","[{'color': 'Đen', 'price': 2790000.0}]"
HONOR Pad X8a WiFi 4GB/128GB,https://www.thegioididong.com/may-tinh-bang/honor-pad-x8a,máy tính bảng,HONOR,"{'Công nghệ màn hình': 'IPS LCD', 'Độ phân giải': '5 MP', 'Màn hình rộng': '11"" - Tần số quét 90 Hz', 'Hệ điều hành': 'Android 14', 'Chip xử lý (CPU)': 'Snapdragon 680 8 nhân', 'Tốc độ CPU': '2.4 GHz', 'Chip đồ hoạ (GPU)': 'Adreno 610', 'RAM': '4 GB', 'Dung lượng lưu trữ': '128 GB', 'Dung lượng còn lại (khả dụng) khoảng': '99 GB', 'Thẻ nhớ ngoài': 'Micro SD, hỗ trợ tối đa 1 TB', 'Quay phim': 'FullHD 1080p@30fps', 'Tính năng': 'Xóa phông', 'Wifi': 'Wi-Fi 802.11 a/b/g/n/ac', 'GPS': 'Có', 'Bluetooth': 'v5.1', 'Cổng kết nối/sạc': 'Type-C', 'Jack tai nghe': 'Type-C', 'Kết nối khác': 'OTG', 'Tính năng đặc biệt': 'Đa cửa sổ', 'Dung lượng pin': '8300 mAh', 'Loại pin': 'Li-Ion', 'Công nghệ pin': 'Tiết kiệm pin', 'Hỗ trợ sạc tối đa': '10 W', 'Sạc kèm theo máy': '10 W', 'Chất liệu': 'Nhôm nguyên khối', 'Kích thước, khối lượng': 'Dài 256.91 mm - Ngang 168.46 mm - Dày 7.25 mm - Nặng 495 g', 'Thời điểm ra mắt': '12/2024', 'Hãng': 'HONOR. Xem thông tin hãng'}","[{'color': 'Xám', 'price': 4990000.0}]"
Lenovo Tab Plus WiFi 8GB/256GB,https://www.thegioididong.com/may-tinh-bang/lenovo-tab-plus-wifi-8gb-256gb,máy tính bảng,Lenovo,"{'Công nghệ màn hình': 'IPS LCD', 'Độ phân giải': '8 MP', 'Màn hình rộng': '11.5"" - Tần số quét 90 Hz', 'Hệ điều hành': 'Android 14', 'Chip xử lý (CPU)': 'MediaTek Helio G99', 'Tốc độ CPU': '2 nhân 2.2 GHz & 6 nhân 2 GHz', 'Chip đồ hoạ (GPU)': 'Mali-G57 MC2', 'RAM': '8 GB', 'Dung lượng lưu trữ': '256 GB', 'Dung lượng còn lại (khả dụng) khoảng': '235 GB', 'Thẻ nhớ ngoài': 'Micro SD, hỗ trợ tối đa 1 TB', 'Quay phim': 'FullHD 1080p@30fps', 'Tính năng': 'Tự động lấy nét (AF)', 'Wifi': 'Wi-Fi Direct', 'GPS': 'GPS', 'Bluetooth': 'v5.2', 'Cổng kết nối/sạc': 'Type-C', 'Jack tai nghe': '3.5 mm', 'Tính năng đặc biệt': 'Âm thanh Dolby Atmos', 'Kháng nước, bụi': 'IP52', 'Dung lượng pin': '8600 mAh', 'Loại pin': 'Li-Po', 'Công nghệ pin': 'Sạc pin nhanh', 'Hỗ trợ sạc tối đa': '45 W', 'Sạc kèm theo máy': '45 W', 'Chất liệu': 'Nhôm nguyên khối', 'Kích thước, khối lượng': 'Dài 268.3 mm - Ngang 174.25 mm - Dày 7.77-13.58 mm - Nặng 650 g', 'Thời điểm ra mắt': '07/2024', 'Hãng': 'Lenovo. Xem thông tin hãng'}","[{'color': 'Xám', 'price': 7990000.0}]"
Samsung Galaxy Tab A9+ 5G 4GB/64GB,https://www.thegioididong.com/may-tinh-bang/samsung-galaxy-tab-a9-plus-5g,máy tính bảng,Samsung,"{'Công nghệ màn hình': 'TFT LCD', 'Độ phân giải': '5 MP', 'Màn hình rộng': '11"" - Tần số quét 90 Hz', 'Hệ điều hành': 'Android 13', 'Chip xử lý (CPU)': 'Snapdragon 695', 'Tốc độ CPU': '2.2 GHz', 'Chip đồ hoạ (GPU)': 'Adreno 619', 'RAM': '4 GB', 'Dung lượng lưu trữ': '64 GB', 'Dung lượng còn lại (khả dụng) khoảng': '45 GB', 'Thẻ nhớ ngoài': 'Micro SD, hỗ trợ tối đa 1 TB', 'Quay phim': 'HD 720p@30fps', 'Tính năng': 'Trôi nhanh thời gian (Time Lapse)', 'Mạng di động': '5G', 'SIM': '1 Nano SIM', 'Thực hiện cuộc gọi': 'Có nghe gọi', 'Wifi': 'Wi-Fi Direct', 'GPS': 'QZSS', 'Bluetooth': 'v5.1', 'Cổng kết nối/sạc': 'Type-C', 'Jack tai nghe': '3.5 mm', 'Tính năng đặc biệt': 'Ứng dụng kép (Dual Messenger)', 'Ghi âm': 'Có', 'Dung lượng pin': '7040 mAh', 'Loại pin': 'Li-Ion', 'Công nghệ pin': 'Tiết kiệm pin', 'Hỗ trợ sạc tối đa': '15 W', 'Chất liệu': 'Nhôm nguyên khối', 'Kích thước, khối lượng': 'Dài 257.1 mm - Ngang 168.7 mm - Dày 6.9 mm - Nặng 491 g', 'Thời điểm ra mắt': '10/2023', 'Hãng': 'Samsung. Xem thông tin hãng'}","[{'color': 'Xám', 'price': 7490000.0}, {'color': 'Xanh dương đậm', 'price': 7490000.0}, {'color': 'Bạc', 'price': 7490000.0}]"
iPad Pro M4 11 inch WiFi 256GB,https://www.thegioididong.com/may-tinh-bang/ipad-pro-m4-11-inch-wifi-256gb,máy tính bảng,iPad (Apple),"{'Công nghệ màn hình': 'Ultra Retina XDR', 'Độ phân giải': '12 MP', 'Màn hình rộng': '11"" - Tần số quét 120 Hz', 'Hệ điều hành': 'iPadOS 17', 'Chip xử lý (CPU)': 'Apple M4 9 nhân', 'Tốc độ CPU': 'Hãng không công bố', 'Chip đồ hoạ (GPU)': 'Apple GPU 10 nhân', 'RAM': '8 GB', 'Dung lượng lưu trữ': '256 GB', 'Dung lượng còn lại (khả dụng) khoảng': '241 GB', 'Quay phim': '4K 2160p@30fps', 'Tính năng': 'Trôi nhanh thời gian (Time Lapse)', 'Thực hiện cuộc gọi': 'Nghe gọi qua FaceTime', 'Wifi': 'Wi-Fi 6E', 'GPS': 'iBeacon', 'Bluetooth': 'v5.3', 'Cổng kết nối/sạc': 'Type-C', 'Jack tai nghe': 'Type-C', 'Tính năng đặc biệt': 'Âm thanh Dolby Atmos', 'Ghi âm': 'Có', 'Dung lượng pin': '31.29 Wh', 'Loại pin': 'Li-Po', 'Công nghệ pin': 'Sạc pin nhanh', 'Hỗ trợ sạc tối đa': '20 W', 'Sạc kèm theo máy': '20 W', 'Chất liệu': 'Nhôm nguyên khối', 'Kích thước, khối lượng': 'Dài 249.7 mm - Ngang 177.5 mm - Dày 5.3 mm - Nặng 444 g', 'Thời điểm ra mắt': '05/2024', 'Hãng': 'iPad (Apple). Xem thông tin hãng'}","[{'color': 'Đen', 'price': 24990000.0}]"
Xiaomi Redmi Pad SE 8.7 4G 4GB/128GB,https://www.thegioididong.com/may-tinh-bang/redmi-pad-se-8-7-4g-4gb-128gb,máy tính bảng,Xiaomi,"{'Công nghệ màn hình': 'IPS LCD', 'Độ phân giải': '5 MP', 'Màn hình rộng': '8.7"" - Tần số quét 90 Hz', 'Hệ điều hành': 'Android 14', 'Chip xử lý (CPU)': 'MediaTek Helio G85 8 nhân', 'Tốc độ CPU': '2 nhân 2.0 GHz & 6 nhân 1.8 GHz', 'Chip đồ hoạ (GPU)': 'Mali-G52 MC2', 'RAM': '4 GB', 'Dung lượng lưu trữ': '128 GB', 'Dung lượng còn lại (khả dụng) khoảng': '109 GB', 'Thẻ nhớ ngoài': 'Micro SD, hỗ trợ tối đa 2 TB', 'Quay phim': 'HD 720p@30fps', 'Tính năng': 'Quay video HD', 'Mạng di động': 'Hỗ trợ 4G', 'SIM': '2 Nano SIM', 'Thực hiện cuộc gọi': 'Có nghe gọi', 'Wifi': 'Wi-Fi 802.11 a/b/g/n/ac', 'GPS': 'GPS', 'Bluetooth': 'v5.3', 'Cổng kết nối/sạc': 'Type-C', 'Jack tai nghe': '3.5 mm', 'Tính năng đặc biệt': 'Âm thanh Dolby Atmos', 'Ghi âm': 'Có', 'Radio': 'Có', 'Dung lượng pin': '6650 mAh', 'Loại pin': 'Li-Po', 'Công nghệ pin': 'Tiết kiệm pin', 'Hỗ trợ sạc tối đa': '18 W', 'Sạc kèm theo máy': '10 W', 'Chất liệu': 'Nhựa nguyên khối', 'Kích thước, khối lượng': 'Dài 211.58 mm - Ngang 125.48 mm - Dày 8.8 mm - Nặng 375 g', 'Thời điểm ra mắt': '08/2024', 'Hãng': 'Xiaomi. Xem thông tin hãng'}","[{'color': 'Xanh lá', 'price': 4990000.0}, {'color': 'Xanh Dương', 'price': 4990000.0}, {'color': 'Xám', 'price': 4990000.0}]"
Xiaomi Redmi Pad SE 8.7 WiFi 4GB/64GB,https://www.thegioididong.com/may-tinh-bang/redmi-pad-se-8-7-wifi-4gb-64gb,máy tính bảng,Xiaomi,"{'Công nghệ màn hình': 'IPS LCD', 'Độ phân giải': '5 MP', 'Màn hình rộng': '8.7"" - Tần số quét 90 Hz', 'Hệ điều hành': 'Android 14', 'Chip xử lý (CPU)': 'MediaTek Helio G85 8 nhân', 'Tốc độ CPU': '2 nhân 2.0 GHz & 6 nhân 1.8 GHz', 'Chip đồ hoạ (GPU)': 'Mali-G52 MC2', 'RAM': '4 GB', 'Dung lượng lưu trữ': '64 GB', 'Dung lượng còn lại (khả dụng) khoảng': '45 GB', 'Thẻ nhớ ngoài': 'Micro SD, hỗ trợ tối đa 2 TB', 'Quay phim': 'HD 720p@30fps', 'Tính năng': 'Quay video HD', 'Wifi': 'Wi-Fi 802.11 a/b/g/n/ac', 'GPS': 'GPS', 'Bluetooth': 'v5.3', 'Cổng kết nối/sạc': 'Type-C', 'Jack tai nghe': '3.5 mm', 'Tính năng đặc biệt': 'Âm thanh Dolby Atmos', 'Ghi âm': 'Có', 'Radio': 'Có', 'Dung lượng pin': '6650 mAh', 'Loại pin': 'Li-Po', 'Công nghệ pin': 'Tiết kiệm pin', 'Hỗ trợ sạc tối đa': '18 W', 'Sạc kèm theo máy': '10 W', 'Chất liệu': 'Nhựa nguyên khối', 'Kích thước, khối lượng': 'Dài 211.58 mm - Ngang 125.48 mm - Dày 8.8 mm - Nặng 375 g', 'Thời điểm ra mắt': '08/2024', 'Hãng': 'Xiaomi. Xem thông tin hãng'}","[{'color': 'Xám', 'price': 3490000.0}, {'color': 'Xanh Dương', 'price': 3490000.0}, {'color': 'Xanh lá', 'price': 3490000.0}]"
OPPO Pad 3 Pro 12GB/256GB,https://www.thegioididong.com/may-tinh-bang/oppo-pad-3-pro,máy tính bảng,OPPO,"{'Công nghệ màn hình': 'LTPS LCD', 'Độ phân giải': '8 MP', 'Màn hình rộng': '12.1"" - Tần số quét 144 Hz', 'Hệ điều hành': 'Android 14', 'Chip xử lý (CPU)': 'Snapdragon 8 Gen 3 8 nhân', 'Tốc độ CPU': '3.4 GHz', 'Chip đồ hoạ (GPU)': 'Adreno 750', 'RAM': '12 GB', 'Dung lượng lưu trữ': '256 GB', 'Dung lượng còn lại (khả dụng) khoảng': '230 GB', 'Quay phim': 'HD 720p@30fps', 'Tính năng': 'Trôi nhanh thời gian (Time Lapse)', 'Wifi': 'Wi-Fi 802.11 a/b/g/n', 'Bluetooth': 'v5.4', 'Cổng kết nối/sạc': 'Type-C', 'Jack tai nghe': 'Type-C', 'Kết nối khác': 'OTG', 'Tính năng đặc biệt': 'Âm thanh Hi-Res Audio', 'Kháng nước, bụi': 'IPX2', 'Dung lượng pin': '9510 mAh', 'Loại pin': 'Li-Po', 'Công nghệ pin': 'SUPERVOOC', 'Hỗ trợ sạc tối đa': '67 W', 'Chất liệu': 'Kim loại nguyên khối', 'Kích thước, khối lượng': 'Dài 268.66 mm - Ngang 195.06 mm - Dày 6.49 mm - Nặng 586 g', 'Thời điểm ra mắt': '12/2024', 'Hãng': 'OPPO. Xem thông tin hãng'}","[{'color': 'Xanh', 'price': 15990000.0}]"
TCL Tab 10 Gen 2 4G 4GB/64GB,https://www.thegioididong.com/may-tinh-bang/tcl-tab-10-gen-2,máy tính bảng,TCL,"{'Công nghệ màn hình': 'IPS LCD', 'Độ phân giải': '5 MP', 'Màn hình rộng': '10.36"" - Tần số quét 60 Hz', 'Hệ điều hành': 'Android 13', 'Chip xử lý (CPU)': 'MediaTek MT8768', 'Tốc độ CPU': '4 nhân 2 GHz & 4 nhân 1.5 GHz', 'Chip đồ hoạ (GPU)': 'IMG PowerVR GE8320', 'RAM': '4 GB', 'Dung lượng lưu trữ': '64 GB', 'Dung lượng còn lại (khả dụng) khoảng': '40 GB', 'Thẻ nhớ ngoài': 'Micro SD, hỗ trợ tối đa 1 TB', 'Quay phim': 'FullHD 1080p@30fps', 'Tính năng': 'Quay video Full HD', 'Mạng di động': 'Hỗ trợ 4G', 'SIM': '1 Nano SIM', 'Thực hiện cuộc gọi': 'Có nghe gọi', 'Wifi': 'Wi-Fi Direct', 'Bluetooth': 'v5.0', 'Cổng kết nối/sạc': 'Type-C', 'Jack tai nghe': 'Type-C', 'Tính năng đặc biệt': 'Ứng dụng kép (Nhân bản ứng dụng)', 'Radio': 'Có', 'Dung lượng pin': '6000 mAh', 'Loại pin': 'Li-Po', 'Công nghệ pin': 'Tiết kiệm pin', 'Hỗ trợ sạc tối đa': '10 W', 'Sạc kèm theo máy': '10 W', 'Chất liệu': 'Nhôm nguyên khối', 'Kích thước, khối lượng': 'Dài 244.94 mm - Ngang 154.7 mm - Dày 7.35 mm - Nặng 425 g', 'Thời điểm ra mắt': '08/2023'}","[{'color': 'Xám', 'price': 3790000.0}]"
iPad 10 5G 256GB,https://www.thegioididong.com/may-tinh-bang/ipad-10-wifi-cellular-256gb,máy tính bảng,iPad (Apple),"{'Công nghệ màn hình': 'Retina IPS LCD', 'Độ phân giải': '12 MP', 'Màn hình rộng': '10.9"" - Tần số quét 60 Hz', 'Hệ điều hành': 'iPadOS 17', 'Chip xử lý (CPU)': 'Apple A14 Bionic', 'Tốc độ CPU': '2 nhân 3.1 GHz & 4 nhân 1.8 GHz', 'Chip đồ hoạ (GPU)': 'Apple GPU 4 nhân', 'RAM': '4 GB', 'Dung lượng lưu trữ': '256 GB', 'Dung lượng còn lại (khả dụng) khoảng': '241 GB', 'Quay phim': '4K 2160p@30fps', 'Tính năng': 'Trôi nhanh thời gian (Time Lapse)', 'Mạng di động': '5G', 'SIM': '1 Nano SIM hoặc 1 eSIM', 'Thực hiện cuộc gọi': 'Nghe gọi qua FaceTime', 'Wifi': 'Wi-Fi hotspot', 'GPS': 'iBeacon', 'Bluetooth': 'v5.2', 'Cổng kết nối/sạc': 'Type-C', 'Jack tai nghe': 'Type-C', 'Tính năng đặc biệt': 'Âm thanh Dolby Atmos', 'Ghi âm': 'Có', 'Dung lượng pin': '28.6 Wh (~ 7587 mAh)', 'Loại pin': 'Li-Po', 'Công nghệ pin': 'Sạc pin nhanh', 'Hỗ trợ sạc tối đa': '20 W', 'Sạc kèm theo máy': '20 W', 'Chất liệu': 'Khung & Mặt lưng kim loại', 'Kích thước, khối lượng': 'Dài 248.6 mm - Ngang 179.5 mm - Dày 7 mm - Nặng 481 g', 'Thời điểm ra mắt': '10/2022', 'Hãng': 'iPad (Apple). Xem thông tin hãng'}","[{'color': 'Vàng', 'price': 15490000.0}, {'color': 'Hồng', 'price': 15490000.0}]"
iPad Pro M4 13 inch WiFi 256GB,https://www.thegioididong.com/may-tinh-bang/ipad-pro-m4-13-inch-wifi-256gb,máy tính bảng,iPad (Apple),"{'Công nghệ màn hình': 'Ultra Retina XDR', 'Độ phân giải': '12 MP', 'Màn hình rộng': '13"" - Tần số quét 120 Hz', 'Hệ điều hành': 'iPadOS 17', 'Chip xử lý (CPU)': 'Apple M4 9 nhân', 'Tốc độ CPU': 'Hãng không công bố', 'Chip đồ hoạ (GPU)': 'Apple GPU 10 nhân', 'RAM': '8 GB', 'Dung lượng lưu trữ': '256 GB', 'Dung lượng còn lại (khả dụng) khoảng': '241 GB', 'Quay phim': '4K 2160p@30fps', 'Tính năng': 'Trôi nhanh thời gian (Time Lapse)', 'Thực hiện cuộc gọi': 'Nghe gọi qua FaceTime', 'Wifi': 'Wi-Fi 6E', 'GPS': 'iBeacon', 'Bluetooth': 'v5.3', 'Cổng kết nối/sạc': 'Type-C', 'Jack tai nghe': 'Type-C', 'Tính năng đặc biệt': 'Âm thanh Dolby Atmos', 'Ghi âm': 'Có', 'Dung lượng pin': '38.99 Wh', 'Loại pin': 'Li-Po', 'Công nghệ pin': 'Sạc pin nhanh', 'Hỗ trợ sạc tối đa': '20 W', 'Sạc kèm theo máy': '20 W', 'Chất liệu': 'Nhôm nguyên khối', 'Kích thước, khối lượng': 'Dài 281.6 mm - Ngang 215.5 mm - Dày 5.1 mm - Nặng 579 g', 'Thời điểm ra mắt': '05/2024', 'Hãng': 'iPad (Apple). Xem thông tin hãng'}","[{'color': 'Bạc', 'price': 33990000.0}, {'color': 'Đen', 'price': 33990000.0}]"
Samsung Galaxy Tab A9 4G 4GB/64GB,https://www.thegioididong.com/may-tinh-bang/samsung-galaxy-tab-a9-4g,máy tính bảng,Samsung,"{'Công nghệ màn hình': 'TFT LCD', 'Độ phân giải': '2 MP', 'Màn hình rộng': '8.7"" - Tần số quét 60 Hz', 'Hệ điều hành': 'Android 13', 'Chip xử lý (CPU)': 'MediaTek Helio G99', 'Tốc độ CPU': '2.2 GHz', 'Chip đồ hoạ (GPU)': 'Mali-G57 MC2', 'RAM': '4 GB', 'Dung lượng lưu trữ': '64 GB', 'Dung lượng còn lại (khả dụng) khoảng': '45 GB', 'Thẻ nhớ ngoài': 'Micro SD, hỗ trợ tối đa 1 TB', 'Quay phim': 'HD 720p@30fps', 'Tính năng': 'Trôi nhanh thời gian (Time Lapse)', 'Mạng di động': 'Hỗ trợ 4G', 'SIM': '1 Nano SIM', 'Thực hiện cuộc gọi': 'Có nghe gọi', 'Wifi': 'Wi-Fi Direct', 'GPS': 'QZSS', 'Bluetooth': 'v5.3', 'Cổng kết nối/sạc': 'Type-C', 'Jack tai nghe': '3.5 mm', 'Tính năng đặc biệt': 'Ứng dụng kép (Dual Messenger)', 'Ghi âm': 'Có', 'Dung lượng pin': '5100 mAh', 'Loại pin': 'Li-Ion', 'Công nghệ pin': 'Tiết kiệm pin', 'Hỗ trợ sạc tối đa': '15 W', 'Chất liệu': 'Nhôm nguyên khối', 'Kích thước, khối lượng': 'Dài 211 mm - Ngang 124.7 mm - Dày 8 mm - Nặng 333 g', 'Thời điểm ra mắt': '10/2023', 'Hãng': 'Samsung. Xem thông tin hãng'}","[{'color': 'Xám', 'price': 5490000.0}, {'color': 'Bạc', 'price': 5490000.0}, {'color': 'Xanh dương đậm', 'price': 5490000.0}]"
Samsung Galaxy Tab S9 WiFi 8GB/128GB,https://www.thegioididong.com/may-tinh-bang/samsung-galaxy-tab-s9,máy tính bảng,Samsung,"{'Công nghệ màn hình': 'Dynamic AMOLED 2X', 'Độ phân giải': '12 MP', 'Màn hình rộng': '11"" - Tần số quét 120 Hz', 'Hệ điều hành': 'Android 13', 'Chip xử lý (CPU)': 'Snapdragon 8 Gen 2 for Galaxy', 'Tốc độ CPU': '1 nhân 3.36 GHz, 4 nhân 2.8 GHz & 3 nhân 2 GHz', 'Chip đồ hoạ (GPU)': 'Adreno 740', 'RAM': '8 GB', 'Dung lượng lưu trữ': '128 GB', 'Dung lượng còn lại (khả dụng) khoảng': '99.9 GB', 'Thẻ nhớ ngoài': 'Micro SD, hỗ trợ tối đa 1 TB', 'Quay phim': '4K 2160p@30fps', 'Tính năng': 'Trôi nhanh thời gian (Time Lapse)', 'Wifi': 'Wi-Fi Direct', 'GPS': 'QZSS', 'Bluetooth': 'v5.3', 'Cổng kết nối/sạc': 'Type-C', 'Tính năng đặc biệt': 'Ứng dụng kép (Dual Messenger)', 'Kháng nước, bụi': 'IP68', 'Ghi âm': 'Có', 'Radio': 'Có', 'Dung lượng pin': '8400 mAh', 'Loại pin': 'Li-Ion', 'Công nghệ pin': 'Sạc pin nhanh', 'Hỗ trợ sạc tối đa': '45 W', 'Chất liệu': 'Nhôm nguyên khối', 'Kích thước, khối lượng': 'Dài 254.3 mm - Ngang 165.8 mm - Dày 5.9 mm - Nặng 498 g', 'Thời điểm ra mắt': '07/2023', 'Hãng': 'Samsung. Xem thông tin hãng'}","[{'color': 'Kem', 'price': 14990000.0}, {'color': 'Xám', 'price': 14990000.0}]"
TCL Tab 11 WiFi 4GB/128GB,https://www.thegioididong.com/may-tinh-bang/tcl-tab-11,máy tính bảng,TCL,"{'Công nghệ màn hình': 'IPS LCD', 'Độ phân giải': '8 MP', 'Màn hình rộng': '10.95"" - Tần số quét 60 Hz', 'Hệ điều hành': 'Android 13', 'Chip xử lý (CPU)': 'Helio P60T', 'Tốc độ CPU': '2 GHz', 'Chip đồ hoạ (GPU)': 'Mali-G72 MP3', 'RAM': '4 GB', 'Dung lượng lưu trữ': '128 GB', 'Dung lượng còn lại (khả dụng) khoảng': '113 GB', 'Thẻ nhớ ngoài': 'Micro SD, hỗ trợ tối đa 1 TB', 'Quay phim': 'SD 480p@30fps', 'Tính năng': 'Quay video SD (480p@30fps)', 'Wifi': 'Wi-Fi Direct', 'GPS': 'GPS', 'Bluetooth': 'v5.0', 'Cổng kết nối/sạc': 'Type-C', 'Jack tai nghe': 'Type-C', 'Tính năng đặc biệt': 'Ứng dụng kép (Nhân bản ứng dụng)', 'Radio': 'Có', 'Dung lượng pin': '8000 mAh', 'Loại pin': 'Li-Po', 'Công nghệ pin': 'Sạc ngược', 'Hỗ trợ sạc tối đa': '18 W', 'Sạc kèm theo máy': '18 W', 'Chất liệu': 'Nhôm nguyên khối', 'Kích thước, khối lượng': 'Dài 257 mm - Ngang 161.6 mm - Dày 6.9 mm - Nặng 462 g', 'Thời điểm ra mắt': '08/2023'}","[{'color': 'Xám', 'price': 4290000.0}, {'color': 'Tím', 'price': 4290000.0}]"
Samsung Galaxy Tab S9 5G 8GB/128GB,https://www.thegioididong.com/may-tinh-bang/samsung-galaxy-tab-s9-5g-128gb,máy tính bảng,Samsung,"{'Công nghệ màn hình': 'Dynamic AMOLED 2X', 'Độ phân giải': '12 MP', 'Màn hình rộng': '11"" - Tần số quét 120 Hz', 'Hệ điều hành': 'Android 13', 'Chip xử lý (CPU)': 'Snapdragon 8 Gen 2 for Galaxy', 'Tốc độ CPU': '1 nhân 3.36 GHz, 4 nhân 2.8 GHz & 3 nhân 2 GHz', 'Chip đồ hoạ (GPU)': 'Adreno 740', 'RAM': '8 GB', 'Dung lượng lưu trữ': '128 GB', 'Dung lượng còn lại (khả dụng) khoảng': '99.9 GB', 'Thẻ nhớ ngoài': 'Micro SD, hỗ trợ tối đa 1 TB', 'Quay phim': '4K 2160p@30fps', 'Tính năng': 'Trôi nhanh thời gian (Time Lapse)', 'Mạng di động': '5G', 'SIM': '1 Nano SIM & 1 eSIM', 'Thực hiện cuộc gọi': 'Có nghe gọi', 'Wifi': 'Wi-Fi Direct', 'GPS': 'QZSS', 'Bluetooth': 'v5.3', 'Cổng kết nối/sạc': 'Type-C', 'Tính năng đặc biệt': 'Ứng dụng kép (Dual Messenger)', 'Kháng nước, bụi': 'IP68', 'Ghi âm': 'Có', 'Radio': 'Có', 'Dung lượng pin': '8400 mAh', 'Loại pin': 'Li-Ion', 'Công nghệ pin': 'Sạc pin nhanh', 'Hỗ trợ sạc tối đa': '45 W', 'Chất liệu': 'Nhôm nguyên khối', 'Kích thước, khối lượng': 'Dài 254.3 mm - Ngang 165.8 mm - Dày 5.9 mm - Nặng 500 g', 'Thời điểm ra mắt': '07/2023', 'Hãng': 'Samsung. Xem thông tin hãng'}","[{'color': 'Xám', 'price': 15990000.0}]"
Lenovo Tab M9 WiFi 4GB/64GB,https://www.thegioididong.com/may-tinh-bang/lenovo-tab-m9-wifi-4gb-64gb,máy tính bảng,Lenovo,"{'Công nghệ màn hình': 'IPS LCD', 'Độ phân giải': '2 MP', 'Màn hình rộng': '9"" - Tần số quét 60 Hz', 'Hệ điều hành': 'Android 12', 'Chip xử lý (CPU)': 'MediaTek Helio G80', 'Tốc độ CPU': '2 GHz', 'Chip đồ hoạ (GPU)': 'Mali-G52 MC2', 'RAM': '4 GB', 'Dung lượng lưu trữ': '64 GB', 'Dung lượng còn lại (khả dụng) khoảng': '49 GB', 'Thẻ nhớ ngoài': 'Micro SD, hỗ trợ tối đa 128 GB', 'Quay phim': 'FullHD 1080p@30fps', 'Tính năng': 'Xóa phông', 'Wifi': 'Wi-Fi Direct', 'GPS': 'GPS', 'Bluetooth': 'v5.1', 'Cổng kết nối/sạc': 'Type-C', 'Jack tai nghe': '3.5 mm', 'Tính năng đặc biệt': 'Âm thanh Dolby Atmos', 'Ghi âm': 'Có', 'Dung lượng pin': '5100 mAh', 'Loại pin': 'Li-Po', 'Công nghệ pin': 'Tiết kiệm pin', 'Hỗ trợ sạc tối đa': '10 W', 'Sạc kèm theo máy': '10 W', 'Chất liệu': 'Khung & Mặt lưng kim loại', 'Kích thước, khối lượng': 'Dài 214.43 mm - Ngang 136.76 mm - Dày 7.9 mm - Nặng 344 g', 'Thời điểm ra mắt': '05/2023', 'Hãng': 'Lenovo. Xem thông tin hãng'}","[{'color': 'Xanh', 'price': 3790000.0}]"
iPad mini 7 WiFi 128GB,https://www.thegioididong.com/may-tinh-bang/ipad-mini-7-wifi,máy tính bảng,iPad (Apple),"{'Công nghệ màn hình': 'LED-backlit IPS LCD', 'Độ phân giải': '12 MP', 'Màn hình rộng': '8.3"" - Tần số quét Hãng không công bố', 'Hệ điều hành': 'iPadOS 18', 'Chip xử lý (CPU)': 'Apple A17 Pro 6 nhân', 'Tốc độ CPU': '3.78 GHz', 'Chip đồ hoạ (GPU)': 'Apple GPU 5 nhân', 'RAM': '8 GB', 'Dung lượng lưu trữ': '128 GB', 'Dung lượng còn lại (khả dụng) khoảng': '113 GB', 'Quay phim': '4K 2160p@30fps', 'Tính năng': 'Trôi nhanh thời gian (Time Lapse)', 'Thực hiện cuộc gọi': 'Nghe gọi qua FaceTime', 'Wifi': 'Wi-Fi 6E', 'GPS': 'GPS', 'Bluetooth': 'v5.3', 'Cổng kết nối/sạc': 'Type-C', 'Tính năng đặc biệt': 'Âm thanh Dolby Atmos', 'Ghi âm': 'Có', 'Dung lượng pin': '19.3 Wh', 'Loại pin': 'Li-Po', 'Công nghệ pin': 'Sạc pin nhanh', 'Hỗ trợ sạc tối đa': '20 W', 'Sạc kèm theo máy': '20 W', 'Chất liệu': 'Nhôm nguyên khối', 'Kích thước, khối lượng': 'Dài 195.4 mm - Ngang 134.8 mm - Dày 6.3 mm - Nặng 293 g', 'Thời điểm ra mắt': '10/2024', 'Hãng': 'iPad (Apple). Xem thông tin hãng'}","[{'color': 'Tím', 'price': 11790000.0}, {'color': 'Trắng Starlight', 'price': 11790000.0}, {'color': 'Xanh Dương', 'price': 11790000.0}, {'color': 'Đen - Xám', 'price': 11790000.0}]"
Samsung Galaxy Tab A9+ WiFi 8GB/128GB,https://www.thegioididong.com/may-tinh-bang/samsung-galaxy-tab-a9-plus-wifi-8gb-128gb,máy tính bảng,Samsung,"{'Công nghệ màn hình': 'TFT LCD', 'Độ phân giải': '5 MP', 'Màn hình rộng': '11"" - Tần số quét 90 Hz', 'Hệ điều hành': 'Android 14', 'Chip xử lý (CPU)': 'Snapdragon 695', 'Tốc độ CPU': '2.2 GHz', 'Chip đồ hoạ (GPU)': 'Adreno 619', 'RAM': '8 GB', 'Dung lượng lưu trữ': '128 GB', 'Dung lượng còn lại (khả dụng) khoảng': '104 GB', 'Thẻ nhớ ngoài': 'Micro SD, hỗ trợ tối đa 1 TB', 'Quay phim': 'HD 720p@30fps', 'Tính năng': 'Trôi nhanh thời gian (Time Lapse)', 'Wifi': 'Wi-Fi Direct', 'GPS': 'QZSS', 'Bluetooth': 'v5.1', 'Cổng kết nối/sạc': 'Type-C', 'Jack tai nghe': '3.5 mm', 'Tính năng đặc biệt': 'Ứng dụng kép (Dual Messenger)', 'Ghi âm': 'Có', 'Dung lượng pin': '7040 mAh', 'Loại pin': 'Li-Ion', 'Công nghệ pin': 'Tiết kiệm pin', 'Hỗ trợ sạc tối đa': '15 W', 'Chất liệu': 'Nhôm nguyên khối', 'Kích thước, khối lượng': 'Dài 257.1 mm - Ngang 168.7 mm - Dày 6.9 mm - Nặng 480 g', 'Thời điểm ra mắt': '12/2024', 'Hãng': 'Samsung. Xem thông tin hãng'}","[{'color': 'Xám', 'price': 6990000.0}, {'color': 'Xanh', 'price': 6990000.0}, {'color': 'Bạc', 'price': 6990000.0}]"
TCL Tab 10L Gen 2 WiFi 3GB/32GB,https://www.thegioididong.com/may-tinh-bang/tcl-tab-10l-gen-2,máy tính bảng,TCL,"{'Công nghệ màn hình': 'IPS LCD', 'Độ phân giải': '2 MP', 'Màn hình rộng': '10.1"" - Tần số quét 60 Hz', 'Hệ điều hành': 'Android 13', 'Chip xử lý (CPU)': 'MediaTek MT8766', 'Tốc độ CPU': '1.8 GHz', 'Chip đồ hoạ (GPU)': 'IMG PowerVR GE8300', 'RAM': '3 GB', 'Dung lượng lưu trữ': '32 GB', 'Dung lượng còn lại (khả dụng) khoảng': '22 GB', 'Thẻ nhớ ngoài': 'Micro SD, hỗ trợ tối đa 1 TB', 'Quay phim': 'FullHD 1080p@30fps', 'Tính năng': 'Quay video Full HD', 'Wifi': 'Wi-Fi 802.11 a/b/g/n/ac', 'Bluetooth': 'v5.0', 'Cổng kết nối/sạc': 'Type-C', 'Jack tai nghe': '3.5 mm', 'Tính năng đặc biệt': 'Trợ lý ảo Google', 'Radio': 'Có', 'Dung lượng pin': '6000 mAh', 'Loại pin': 'Li-Po', 'Công nghệ pin': 'Tiết kiệm pin', 'Hỗ trợ sạc tối đa': '10 W', 'Sạc kèm theo máy': '10 W', 'Chất liệu': 'Khung nhựa & Mặt lưng kim loại', 'Kích thước, khối lượng': 'Dài 241.2 mm - Ngang 156.6 mm - Dày 7.99 mm - Nặng 472 g', 'Thời điểm ra mắt': '08/2023'}","[{'color': 'Đen', 'price': 2290000.0}]"
Lenovo Tab M11 4G 4GB/128GB,https://www.thegioididong.com/may-tinh-bang/lenovo-tab-m11-4g,máy tính bảng,Lenovo,"{'Công nghệ màn hình': 'IPS LCD', 'Độ phân giải': '8 MP', 'Màn hình rộng': '10.95"" - Tần số quét 90 Hz', 'Hệ điều hành': 'Android 13', 'Chip xử lý (CPU)': 'MediaTek Helio G88 8 nhân', 'Tốc độ CPU': '2 nhân 2.0 GHz & 6 nhân 1.8 GHz', 'Chip đồ hoạ (GPU)': 'Mali-G52 MC2', 'RAM': '4 GB', 'Dung lượng lưu trữ': '128 GB', 'Dung lượng còn lại (khả dụng) khoảng': '113 GB', 'Thẻ nhớ ngoài': 'Micro SD, hỗ trợ tối đa 1 TB', 'Tính năng': 'Xóa phông', 'Mạng di động': 'Hỗ trợ 4G', 'SIM': '1 Nano SIM', 'Thực hiện cuộc gọi': 'Có nghe gọi', 'Wifi': 'Wi-Fi 802.11 a/b/g/n/ac', 'GPS': 'GPS', 'Bluetooth': 'v5.1', 'Cổng kết nối/sạc': 'Type-C', 'Jack tai nghe': '3.5 mm', 'Tính năng đặc biệt': 'Âm thanh Dolby Atmos', 'Kháng nước, bụi': 'IP52', 'Ghi âm': 'Có', 'Dung lượng pin': '7040 mAh', 'Loại pin': 'Li-Ion', 'Công nghệ pin': 'Tiết kiệm pin', 'Hỗ trợ sạc tối đa': '10 W', 'Sạc kèm theo máy': '10 W', 'Chất liệu': 'Kim loại nguyên khối', 'Kích thước, khối lượng': 'Dài 255.26 mm - Ngang 166.31 mm - Dày 7.15 mm - Nặng 465 g', 'Thời điểm ra mắt': '06/2024', 'Hãng': 'Lenovo. Xem thông tin hãng'}","[{'color': 'Xám', 'price': 6190000.0}]"
iPad Air 6 M2 13 inch 5G 128GB,https://www.thegioididong.com/may-tinh-bang/ipad-air-m2-13-inch-wifi-cellular-128gb,máy tính bảng,iPad (Apple),"{'Công nghệ màn hình': 'Retina IPS LCD', 'Độ phân giải': '12 MP', 'Màn hình rộng': '13"" - Tần số quét Hãng không công bố', 'Hệ điều hành': 'iPadOS 17', 'Chip xử lý (CPU)': 'Apple M2 8 nhân', 'Tốc độ CPU': 'Hãng không công bố', 'Chip đồ hoạ (GPU)': 'Apple GPU 9 nhân', 'RAM': '8 GB', 'Dung lượng lưu trữ': '128 GB', 'Dung lượng còn lại (khả dụng) khoảng': '113 GB', 'Quay phim': '4K 2160p@30fps', 'Tính năng': 'Trôi nhanh thời gian (Time Lapse)', 'Mạng di động': '5G', 'SIM': 'eSIM', 'Thực hiện cuộc gọi': 'Nghe gọi qua FaceTime', 'Wifi': 'Wi-Fi hotspot', 'GPS': 'iBeacon', 'Bluetooth': 'v5.3', 'Cổng kết nối/sạc': 'Type-C', 'Jack tai nghe': 'Type-C', 'Tính năng đặc biệt': 'Âm thanh Dolby Atmos', 'Ghi âm': 'Có', 'Dung lượng pin': '36.59 Wh', 'Loại pin': 'Li-Po', 'Công nghệ pin': 'Sạc pin nhanh', 'Hỗ trợ sạc tối đa': '20 W', 'Sạc kèm theo máy': '20 W', 'Chất liệu': 'Nhôm nguyên khối', 'Kích thước, khối lượng': 'Dài 280.6 mm - Ngang 214.9 mm - Dày 6.1 mm - Nặng 618 g', 'Thời điểm ra mắt': '05/2024', 'Hãng': 'iPad (Apple). Xem thông tin hãng'}","[{'color': 'Tím', 'price': 26490000.0}, {'color': 'Trắng Starlight', 'price': 26490000.0}, {'color': 'Xanh Dương', 'price': 26490000.0}]"
iPad Air 6 M2 13 inch WiFi 128GB,https://www.thegioididong.com/may-tinh-bang/ipad-air-m2-13-inch-wifi-128gb,máy tính bảng,iPad (Apple),"{'Công nghệ màn hình': 'Retina IPS LCD', 'Độ phân giải': '12 MP', 'Màn hình rộng': '13"" - Tần số quét Hãng không công bố', 'Hệ điều hành': 'iPadOS 17', 'Chip xử lý (CPU)': 'Apple M2 8 nhân', 'Tốc độ CPU': 'Hãng không công bố', 'Chip đồ hoạ (GPU)': 'Apple GPU 9 nhân', 'RAM': '8 GB', 'Dung lượng lưu trữ': '128 GB', 'Dung lượng còn lại (khả dụng) khoảng': '113 GB', 'Quay phim': '4K 2160p@30fps', 'Tính năng': 'Trôi nhanh thời gian (Time Lapse)', 'Thực hiện cuộc gọi': 'Nghe gọi qua FaceTime', 'Wifi': 'Wi-Fi 6E', 'GPS': 'iBeacon', 'Bluetooth': 'v5.3', 'Cổng kết nối/sạc': 'Type-C', 'Jack tai nghe': 'Type-C', 'Tính năng đặc biệt': 'Âm thanh Dolby Atmos', 'Ghi âm': 'Có', 'Dung lượng pin': '36.59 Wh', 'Loại pin': 'Li-Po', 'Công nghệ pin': 'Sạc pin nhanh', 'Hỗ trợ sạc tối đa': '20 W', 'Sạc kèm theo máy': '20 W', 'Chất liệu': 'Nhôm nguyên khối', 'Kích thước, khối lượng': 'Dài 280.6 mm - Ngang 214.9 mm - Dày 6.1 mm - Nặng 617 g', 'Thời điểm ra mắt': '05/2024', 'Hãng': 'iPad (Apple). Xem thông tin hãng'}","[{'color': 'Xanh Dương', 'price': 19990000.0}, {'color': 'Tím', 'price': 19990000.0}, {'color': 'Trắng Starlight', 'price': 19990000.0}]"
Samsung Galaxy Tab S6 Lite 2024 4G 4GB/64GB,https://www.thegioididong.com/may-tinh-bang/samsung-galaxy-tab-s6-lite-2024,máy tính bảng,Samsung,"{'Công nghệ màn hình': 'TFT LCD', 'Độ phân giải': '5 MP', 'Màn hình rộng': '10.4"" - Tần số quét 60 Hz', 'Hệ điều hành': 'Android 14', 'Chip xử lý (CPU)': 'Exynos 1280 8 nhân', 'Tốc độ CPU': '2 nhân 2.4 GHz & 6 nhân 2 GHz', 'Chip đồ hoạ (GPU)': 'Mali-G68', 'RAM': '4 GB', 'Dung lượng lưu trữ': '64 GB', 'Dung lượng còn lại (khả dụng) khoảng': '48.1 GB', 'Thẻ nhớ ngoài': 'Micro SD, hỗ trợ tối đa 1 TB', 'Quay phim': 'HD 720p@30fps', 'Tính năng': 'Xóa phông', 'Mạng di động': 'Hỗ trợ 4G', 'SIM': '1 Nano SIM', 'Thực hiện cuộc gọi': 'Có nghe gọi', 'Wifi': 'Wi-Fi hotspot', 'GPS': 'QZSS', 'Bluetooth': 'v5.3', 'Cổng kết nối/sạc': 'Type-C', 'Jack tai nghe': '3.5 mm', 'Tính năng đặc biệt': 'Ứng dụng kép (Dual Messenger)', 'Ghi âm': 'Có', 'Dung lượng pin': '7040 mAh', 'Loại pin': 'Li-Po', 'Công nghệ pin': 'Tiết kiệm pin', 'Hỗ trợ sạc tối đa': '15 W', 'Chất liệu': 'Kim loại nguyên khối', 'Kích thước, khối lượng': 'Dài 244.5 mm - Ngang 154.3 mm - Dày 7 mm - Nặng 467 g', 'Thời điểm ra mắt': '04/2024', 'Hãng': 'Samsung. Xem thông tin hãng'}","[{'color': 'Xám', 'price': 8990000.0}, {'color': 'Xanh lá', 'price': 8990000.0}]"
Lenovo Tab M11 WiFi 4GB/128GB,https://www.thegioididong.com/may-tinh-bang/lenovo-tab-m11-wifi,máy tính bảng,Lenovo,"{'Công nghệ màn hình': 'IPS LCD', 'Độ phân giải': '8 MP', 'Màn hình rộng': '10.95"" - Tần số quét 90 Hz', 'Hệ điều hành': 'Android 13', 'Chip xử lý (CPU)': 'MediaTek Helio G88 8 nhân', 'Tốc độ CPU': '2 nhân 2.0 GHz & 6 nhân 1.8 GHz', 'Chip đồ hoạ (GPU)': 'Mali-G52 MC2', 'RAM': '4 GB', 'Dung lượng lưu trữ': '128 GB', 'Dung lượng còn lại (khả dụng) khoảng': '113 GB', 'Thẻ nhớ ngoài': 'Micro SD, hỗ trợ tối đa 1 TB', 'Tính năng': 'Xóa phông', 'Wifi': 'Wi-Fi 802.11 a/b/g/n/ac', 'GPS': 'GPS', 'Bluetooth': 'v5.1', 'Cổng kết nối/sạc': 'Type-C', 'Jack tai nghe': '3.5 mm', 'Tính năng đặc biệt': 'Âm thanh Dolby Atmos', 'Kháng nước, bụi': 'IP52', 'Ghi âm': 'Có', 'Dung lượng pin': '7040 mAh', 'Loại pin': 'Li-Ion', 'Công nghệ pin': 'Tiết kiệm pin', 'Hỗ trợ sạc tối đa': '10 W', 'Sạc kèm theo máy': '10 W', 'Chất liệu': 'Kim loại nguyên khối', 'Kích thước, khối lượng': 'Dài 255.26 mm - Ngang 166.31 mm - Dày 7.15 mm - Nặng 465 g', 'Thời điểm ra mắt': '06/2024', 'Hãng': 'Lenovo. Xem thông tin hãng'}","[{'color': 'Xám', 'price': 5790000.0}]"
iPad Air 6 M2 11 inch 5G 128GB,https://www.thegioididong.com/may-tinh-bang/ipad-air-m2-11-inch-wifi-cellular-128gb,máy tính bảng,iPad (Apple),"{'Công nghệ màn hình': 'Retina IPS LCD', 'Độ phân giải': '12 MP', 'Màn hình rộng': '11"" - Tần số quét Hãng không công bố', 'Hệ điều hành': 'iPadOS 17', 'Chip xử lý (CPU)': 'Apple M2 8 nhân', 'Tốc độ CPU': 'Hãng không công bố', 'Chip đồ hoạ (GPU)': 'Apple GPU 9 nhân', 'RAM': '8 GB', 'Dung lượng lưu trữ': '128 GB', 'Dung lượng còn lại (khả dụng) khoảng': '113 GB', 'Quay phim': '4K 2160p@30fps', 'Tính năng': 'Trôi nhanh thời gian (Time Lapse)', 'Mạng di động': '5G', 'SIM': 'eSIM', 'Thực hiện cuộc gọi': 'Nghe gọi qua FaceTime', 'Wifi': 'Wi-Fi hotspot', 'GPS': 'iBeacon', 'Bluetooth': 'v5.3', 'Cổng kết nối/sạc': 'Type-C', 'Jack tai nghe': 'Type-C', 'Tính năng đặc biệt': 'Âm thanh Dolby Atmos', 'Ghi âm': 'Có', 'Dung lượng pin': '28.93 Wh', 'Loại pin': 'Li-Po', 'Công nghệ pin': 'Sạc pin nhanh', 'Hỗ trợ sạc tối đa': '20 W', 'Sạc kèm theo máy': '20 W', 'Chất liệu': 'Nhôm nguyên khối', 'Kích thước, khối lượng': 'Dài 247.6 mm - Ngang 178.5 mm - Dày 6.1 mm - Nặng 462 g', 'Thời điểm ra mắt': '05/2024', 'Hãng': 'iPad (Apple). Xem thông tin hãng'}","[{'color': 'Tím', 'price': 19990000.0}, {'color': 'Trắng Starlight', 'price': 19990000.0}]"
iPad Pro M4 13 inch 5G 256GB,https://www.thegioididong.com/may-tinh-bang/ipad-pro-m4-13-inch-wifi-cellular-256gb,máy tính bảng,iPad (Apple),"{'Công nghệ màn hình': 'Ultra Retina XDR', 'Độ phân giải': '12 MP', 'Màn hình rộng': '13"" - Tần số quét 120 Hz', 'Hệ điều hành': 'iPadOS 17', 'Chip xử lý (CPU)': 'Apple M4 9 nhân', 'Tốc độ CPU': 'Hãng không công bố', 'Chip đồ hoạ (GPU)': 'Apple GPU 10 nhân', 'RAM': '8 GB', 'Dung lượng lưu trữ': '256 GB', 'Dung lượng còn lại (khả dụng) khoảng': '241 GB', 'Quay phim': '4K 2160p@30fps', 'Tính năng': 'Trôi nhanh thời gian (Time Lapse)', 'Mạng di động': '5G', 'SIM': 'eSIM', 'Thực hiện cuộc gọi': 'Nghe gọi qua FaceTime', 'Wifi': 'Wi-Fi hotspot', 'GPS': 'iBeacon', 'Bluetooth': 'v5.3', 'Cổng kết nối/sạc': 'Type-C', 'Jack tai nghe': 'Type-C', 'Tính năng đặc biệt': 'Âm thanh Dolby Atmos', 'Ghi âm': 'Có', 'Dung lượng pin': '38.99 Wh', 'Loại pin': 'Li-Po', 'Công nghệ pin': 'Sạc pin nhanh', 'Hỗ trợ sạc tối đa': '20 W', 'Sạc kèm theo máy': '20 W', 'Chất liệu': 'Nhôm nguyên khối', 'Kích thước, khối lượng': 'Dài 281.6 mm - Ngang 215.5 mm - Dày 5.1 mm - Nặng 582 g', 'Thời điểm ra mắt': '05/2024', 'Hãng': 'iPad (Apple). Xem thông tin hãng'}","[{'color': 'Đen', 'price': 38990000.0}, {'color': 'Bạc', 'price': 38990000.0}]"
iPad mini 7 5G 128GB,https://www.thegioididong.com/may-tinh-bang/ipad-mini-7-5g,máy tính bảng,iPad (Apple),"{'Công nghệ màn hình': 'LED-backlit IPS LCD', 'Độ phân giải': '12 MP', 'Màn hình rộng': '8.3"" - Tần số quét Hãng không công bố', 'Hệ điều hành': 'iPadOS 18', 'Chip xử lý (CPU)': 'Apple A17 Pro 6 nhân', 'Tốc độ CPU': '3.78 GHz', 'Chip đồ hoạ (GPU)': 'Apple GPU 5 nhân', 'RAM': '8 GB', 'Dung lượng lưu trữ': '128 GB', 'Dung lượng còn lại (khả dụng) khoảng': '113 GB', 'Quay phim': '4K 2160p@30fps', 'Tính năng': 'Trôi nhanh thời gian (Time Lapse)', 'Mạng di động': '5G', 'SIM': 'eSIM', 'Thực hiện cuộc gọi': 'Nghe gọi qua FaceTime', 'Wifi': 'Wi-Fi 6E', 'GPS': 'GPS', 'Bluetooth': 'v5.3', 'Cổng kết nối/sạc': 'Type-C', 'Tính năng đặc biệt': 'Âm thanh Dolby Atmos', 'Ghi âm': 'Có', 'Dung lượng pin': '19.3 Wh', 'Loại pin': 'Li-Po', 'Công nghệ pin': 'Sạc pin nhanh', 'Hỗ trợ sạc tối đa': '20 W', 'Sạc kèm theo máy': '20 W', 'Chất liệu': 'Nhôm nguyên khối', 'Kích thước, khối lượng': 'Dài 195.4 mm - Ngang 134.8 mm - Dày 6.3 mm - Nặng 297 g', 'Thời điểm ra mắt': '10/2024', 'Hãng': 'iPad (Apple). Xem thông tin hãng'}","[{'color': 'Xanh Dương', 'price': 15790000.0}, {'color': 'Tím', 'price': 15790000.0}, {'color': 'Trắng Starlight', 'price': 15790000.0}]"
iPad A16 5G 128GB,https://www.thegioididong.com/may-tinh-bang/ipad-11-5g-128gb,máy tính bảng,iPad (Apple),"{'Công nghệ màn hình': 'Retina IPS LCD', 'Độ phân giải': '12 MP', 'Màn hình rộng': '11"" - Tần số quét 60 Hz', 'Hệ điều hành': 'iPadOS 18', 'Chip xử lý (CPU)': 'Apple A16 5 nhân', 'Tốc độ CPU': 'Hãng không công bố', 'Chip đồ hoạ (GPU)': 'Apple GPU 4 nhân', 'RAM': '6 GB', 'Dung lượng lưu trữ': '128 GB', 'Dung lượng còn lại (khả dụng) khoảng': '113 GB', 'Quay phim': '4K 2160p@30fps', 'Tính năng': 'Trôi nhanh thời gian (Time Lapse)', 'Mạng di động': '5G', 'SIM': 'eSIM', 'Thực hiện cuộc gọi': 'Nghe gọi qua FaceTime', 'Wifi': 'Wi-Fi 6', 'GPS': 'iBeacon', 'Bluetooth': 'v5.3', 'Cổng kết nối/sạc': 'Type-C', 'Jack tai nghe': 'Type-C', 'Tính năng đặc biệt': 'Âm thanh Dolby Atmos', 'Ghi âm': 'Có', 'Dung lượng pin': '28.93 Wh', 'Loại pin': 'Li-Po', 'Công nghệ pin': 'Sạc pin nhanh', 'Hỗ trợ sạc tối đa': '20 W', 'Sạc kèm theo máy': '20 W', 'Chất liệu': 'Nhôm nguyên khối', 'Kích thước, khối lượng': 'Dài 248.6 mm - Ngang 179.5 mm - Dày 7 mm - Nặng 481 g', 'Thời điểm ra mắt': '03/2025', 'Hãng': 'iPad (Apple). Xem thông tin hãng'}","[{'color': 'Vàng', 'price': 12690000.0}, {'color': 'Hồng', 'price': 12690000.0}, {'color': 'Bạc', 'price': 12690000.0}, {'color': 'Xanh Dương', 'price': 12690000.0}]"
iPad Air M3 13 inch WiFi 128GB,https://www.thegioididong.com/may-tinh-bang/ipad-air-m3-13-inch-wifi-128gb,máy tính bảng,iPad (Apple),"{'Công nghệ màn hình': 'Retina IPS LCD', 'Độ phân giải': '12 MP', 'Màn hình rộng': '13"" - Tần số quét Hãng không công bố', 'Hệ điều hành': 'iPadOS 18', 'Chip xử lý (CPU)': 'Apple M3 8 nhân', 'Tốc độ CPU': 'Hãng không công bố', 'Chip đồ hoạ (GPU)': 'Apple GPU 9 nhân', 'RAM': '8 GB', 'Dung lượng lưu trữ': '128 GB', 'Dung lượng còn lại (khả dụng) khoảng': '113 GB', 'Quay phim': '4K 2160p@30fps', 'Tính năng': 'Trôi nhanh thời gian (Time Lapse)', 'Thực hiện cuộc gọi': 'Nghe gọi qua FaceTime', 'Wifi': 'Wi-Fi 6E', 'GPS': 'iBeacon', 'Bluetooth': 'v5.3', 'Cổng kết nối/sạc': 'Type-C', 'Jack tai nghe': 'Type-C', 'Tính năng đặc biệt': 'Âm thanh Dolby Atmos', 'Ghi âm': 'Có', 'Dung lượng pin': '36.59 Wh', 'Loại pin': 'Li-Po', 'Công nghệ pin': 'Sạc pin nhanh', 'Hỗ trợ sạc tối đa': '20 W', 'Sạc kèm theo máy': '20 W', 'Chất liệu': 'Nhôm nguyên khối', 'Kích thước, khối lượng': 'Dài 280.6 mm - Ngang 214.9 mm - Dày 6.1 mm - Nặng 616 g', 'Thời điểm ra mắt': '03/2025', 'Hãng': 'iPad (Apple). Xem thông tin hãng'}","[{'color': 'Xanh Dương', 'price': 22490000.0}, {'color': 'Đen - Xám', 'price': 22490000.0}, {'color': 'Tím', 'price': 22490000.0}, {'color': 'Trắng Starlight', 'price': 22490000.0}]"
iPad Air M3 11 inch 5G 128GB,https://www.thegioididong.com/may-tinh-bang/ipad-air-m3-11-inch-5g-128gb,máy tính bảng,iPad (Apple),"{'Công nghệ màn hình': 'Retina IPS LCD', 'Độ phân giải': '12 MP', 'Màn hình rộng': '11"" - Tần số quét Hãng không công bố', 'Hệ điều hành': 'iPadOS 18', 'Chip xử lý (CPU)': 'Apple M3 8 nhân', 'Tốc độ CPU': 'Hãng không công bố', 'Chip đồ hoạ (GPU)': 'Apple GPU 9 nhân', 'RAM': '8 GB', 'Dung lượng lưu trữ': '128 GB', 'Dung lượng còn lại (khả dụng) khoảng': '113 GB', 'Quay phim': '4K 2160p@30fps', 'Tính năng': 'Trôi nhanh thời gian (Time Lapse)', 'Mạng di động': '5G', 'SIM': 'eSIM', 'Thực hiện cuộc gọi': 'Nghe gọi qua FaceTime', 'Wifi': 'Wi-Fi 6E', 'GPS': 'iBeacon', 'Bluetooth': 'v5.3', 'Cổng kết nối/sạc': 'Type-C', 'Jack tai nghe': 'Type-C', 'Tính năng đặc biệt': 'Âm thanh Dolby Atmos', 'Ghi âm': 'Có', 'Dung lượng pin': '28.93 Wh', 'Loại pin': 'Li-Po', 'Công nghệ pin': 'Sạc pin nhanh', 'Hỗ trợ sạc tối đa': '20 W', 'Sạc kèm theo máy': '20 W', 'Chất liệu': 'Nhôm nguyên khối', 'Kích thước, khối lượng': 'Dài 247.6 mm - Ngang 178.5 mm - Dày 6.1 mm - Nặng 460 g', 'Thời điểm ra mắt': '03/2025', 'Hãng': 'iPad (Apple). Xem thông tin hãng'}","[{'color': 'Tím', 'price': 20990000.0}, {'color': 'Trắng Starlight', 'price': 20990000.0}, {'color': 'Xanh Dương', 'price': 20990000.0}, {'color': 'Đen - Xám', 'price': 20990000.0}]"
Xiaomi Pad 7 Pro WiFi 12GB/512GB,https://www.thegioididong.com/may-tinh-bang/xiaomi-pad-7-pro-12gb-512gb,máy tính bảng,Xiaomi,"{'Công nghệ màn hình': 'IPS LCD', 'Độ phân giải': '32 MP', 'Màn hình rộng': '11.2"" - Tần số quét 144 Hz', 'Hệ điều hành': 'Xiaomi HyperOS 2', 'Chip xử lý (CPU)': 'Snapdragon 8s Gen 3 8 nhân', 'Tốc độ CPU': '3 GHz', 'Chip đồ hoạ (GPU)': 'Andreno 735', 'RAM': '12 GB', 'Dung lượng lưu trữ': '512 GB', 'Dung lượng còn lại (khả dụng) khoảng': '497 GB', 'Tính năng': 'Làm đẹp', 'Wifi': 'Wi-Fi Direct', 'Bluetooth': 'v5.4', 'Cổng kết nối/sạc': 'Type-C', 'Jack tai nghe': 'Type-C', 'Ghi âm': 'Có', 'Radio': 'Có', 'Dung lượng pin': '8850 mAh', 'Loại pin': 'Li-Po', 'Công nghệ pin': 'Sạc pin nhanh', 'Hỗ trợ sạc tối đa': '67 W', 'Sạc kèm theo máy': '67 W', 'Chất liệu': 'Nhôm nguyên khối', 'Kích thước, khối lượng': 'Dài 251.22 mm - Ngang 173.42 mm - Dày 6.18 mm - Nặng 500 g', 'Thời điểm ra mắt': '03/2025', 'Hãng': 'Xiaomi. Xem thông tin hãng'}","[{'color': 'Xám', 'price': 15990000.0}, {'color': 'Xanh lá', 'price': 15990000.0}, {'color': 'Xanh Dương', 'price': 15990000.0}]"
Samsung Galaxy Tab S10 Ultra 5G 12GB/256GB,https://www.thegioididong.com/may-tinh-bang/samsung-galaxy-tab-s10-ultra,máy tính bảng,Samsung,"{'Công nghệ màn hình': 'Dynamic AMOLED 2X', 'Độ phân giải': '2 Camera 12 MP', 'Màn hình rộng': '14.6"" - Tần số quét 120 Hz', 'Hệ điều hành': 'Android 14', 'Chip xử lý (CPU)': 'MediaTek Dimensity 9300+ 8 nhân', 'Tốc độ CPU': '3.4 GHz', 'Chip đồ hoạ (GPU)': 'ARM Immortalis G720', 'RAM': '12 GB', 'Dung lượng lưu trữ': '256 GB', 'Dung lượng còn lại (khả dụng) khoảng': '218.2 GB', 'Thẻ nhớ ngoài': 'Micro SD, hỗ trợ tối đa 1.5 TB', 'Quay phim': '4K 2160p@30fps', 'Tính năng': 'Trôi nhanh thời gian (Time Lapse)', 'Mạng di động': '5G', 'SIM': '1 Nano SIM & 1 eSIM', 'Thực hiện cuộc gọi': 'Có nghe gọi', 'Wifi': 'Wi-Fi Direct', 'GPS': 'QZSS', 'Bluetooth': 'v5.3', 'Cổng kết nối/sạc': 'Type-C', 'Jack tai nghe': 'Đang cập nhật', 'Tính năng đặc biệt': 'Trợ lý phiên dịch', 'Kháng nước, bụi': 'IP68', 'Ghi âm': 'Đang cập nhật', 'Radio': 'Có', 'Dung lượng pin': '11200 mAh', 'Loại pin': 'Li-Ion', 'Công nghệ pin': 'Sạc pin nhanh', 'Hỗ trợ sạc tối đa': '45 W', 'Chất liệu': 'Nhôm nguyên khối', 'Kích thước, khối lượng': 'Dài 326.4 mm - Ngang 208.6 mm - Dày 5.4 mm - Nặng 723 g', 'Thời điểm ra mắt': '10/2024', 'Hãng': 'Samsung. Xem thông tin hãng'}","[{'color': 'Xám', 'price': 29090000.0}, {'color': 'Bạc', 'price': 29090000.0}]"
Lenovo Tab 4G 4GB/64GB,https://www.thegioididong.com/may-tinh-bang/lenovo-tab-4g,máy tính bảng,Lenovo,"{'Công nghệ màn hình': 'IPS LCD', 'Độ phân giải': '5 MP', 'Màn hình rộng': '10.1"" - Tần số quét 60 Hz', 'Hệ điều hành': 'Android 14', 'Chip xử lý (CPU)': 'MediaTek Helio G85 8 nhân', 'Tốc độ CPU': '2 nhân 2.0 GHz & 6 nhân 1.8 GHz', 'Chip đồ hoạ (GPU)': 'Mali-G52 MC2', 'RAM': '4 GB', 'Dung lượng lưu trữ': '64 GB', 'Dung lượng còn lại (khả dụng) khoảng': '49 GB', 'Thẻ nhớ ngoài': 'Micro SD, hỗ trợ tối đa 1 TB', 'Quay phim': 'Có', 'Tính năng': 'Xóa phông', 'Mạng di động': 'Hỗ trợ 4G', 'SIM': '1 Nano SIM', 'Thực hiện cuộc gọi': 'Có nghe gọi', 'Wifi': 'Wi-Fi 5', 'GPS': 'GPS', 'Bluetooth': 'v5.3', 'Cổng kết nối/sạc': 'Type-C', 'Jack tai nghe': '3.5 mm', 'Tính năng đặc biệt': 'Âm thanh Dolby Atmos', 'Kháng nước, bụi': 'IP52', 'Ghi âm': 'Có', 'Radio': 'Có', 'Dung lượng pin': '5100 mAh', 'Loại pin': 'Li-Po', 'Công nghệ pin': 'Tiết kiệm pin', 'Hỗ trợ sạc tối đa': '15 W', 'Sạc kèm theo máy': '20 W', 'Chất liệu': 'Kim loại nguyên khối', 'Kích thước, khối lượng': 'Dài 235.7 mm - Ngang 154.5 mm - Dày 7.5 mm - Nặng 425 g', 'Thời điểm ra mắt': '11/2024', 'Hãng': 'Lenovo. Xem thông tin hãng'}","[{'color': 'Xám', 'price': 4190000.0}]"
iPad Air M3 13 inch 5G 128GB,https://www.thegioididong.com/may-tinh-bang/ipad-air-m3-13-inch-5g-128gb,máy tính bảng,iPad (Apple),"{'Công nghệ màn hình': 'Retina IPS LCD', 'Độ phân giải': '12 MP', 'Màn hình rộng': '13"" - Tần số quét Hãng không công bố', 'Hệ điều hành': 'iPadOS 18', 'Chip xử lý (CPU)': 'Apple M3 8 nhân', 'Tốc độ CPU': 'Hãng không công bố', 'Chip đồ hoạ (GPU)': 'Apple GPU 9 nhân', 'RAM': '8 GB', 'Dung lượng lưu trữ': '128 GB', 'Dung lượng còn lại (khả dụng) khoảng': '113 GB', 'Quay phim': '4K 2160p@30fps', 'Tính năng': 'Trôi nhanh thời gian (Time Lapse)', 'Mạng di động': '5G', 'SIM': 'eSIM', 'Thực hiện cuộc gọi': 'Nghe gọi qua FaceTime', 'Wifi': 'Wi-Fi 6E', 'GPS': 'iBeacon', 'Bluetooth': 'v5.3', 'Cổng kết nối/sạc': 'Type-C', 'Jack tai nghe': 'Type-C', 'Tính năng đặc biệt': 'Âm thanh Dolby Atmos', 'Ghi âm': 'Có', 'Dung lượng pin': '36.59 Wh', 'Loại pin': 'Li-Po', 'Công nghệ pin': 'Sạc pin nhanh', 'Hỗ trợ sạc tối đa': '20 W', 'Sạc kèm theo máy': '20 W', 'Chất liệu': 'Nhôm nguyên khối', 'Kích thước, khối lượng': 'Dài 280.6 mm - Ngang 214.9 mm - Dày 6.1 mm - Nặng 617 g', 'Thời điểm ra mắt': '03/2025', 'Hãng': 'iPad (Apple). Xem thông tin hãng'}","[{'color': 'Xanh Dương', 'price': 26490000.0}, {'color': 'Tím', 'price': 26490000.0}, {'color': 'Trắng Starlight', 'price': 26490000.0}]"
Samsung Galaxy Tab S10 Ultra WiFi 12GB/256GB,https://www.thegioididong.com/may-tinh-bang/samsung-galaxy-tab-s10-ultra-wifi-256gb,máy tính bảng,Samsung,"{'Công nghệ màn hình': 'Dynamic AMOLED 2X', 'Độ phân giải': '2 Camera 12 MP', 'Màn hình rộng': '14.6"" - Tần số quét 120 Hz', 'Hệ điều hành': 'Android 14', 'Chip xử lý (CPU)': 'MediaTek Dimensity 9300+ 8 nhân', 'Tốc độ CPU': '3.4 GHz', 'Chip đồ hoạ (GPU)': 'ARM Immortalis G720', 'RAM': '12 GB', 'Dung lượng lưu trữ': '256 GB', 'Dung lượng còn lại (khả dụng) khoảng': '218.2 GB', 'Thẻ nhớ ngoài': 'Micro SD, hỗ trợ tối đa 1.5 TB', 'Quay phim': '4K 2160p@30fps', 'Tính năng': 'Trôi nhanh thời gian (Time Lapse)', 'Wifi': 'Wi-Fi Direct', 'GPS': 'QZSS', 'Bluetooth': 'v5.3', 'Cổng kết nối/sạc': 'Type-C', 'Jack tai nghe': 'Type-C', 'Tính năng đặc biệt': 'Trợ lý phiên dịch', 'Kháng nước, bụi': 'IP68', 'Ghi âm': 'Có', 'Radio': 'Có', 'Dung lượng pin': '11200 mAh', 'Loại pin': 'Li-Ion', 'Công nghệ pin': 'Sạc pin nhanh', 'Hỗ trợ sạc tối đa': '45 W', 'Chất liệu': 'Nhôm nguyên khối', 'Kích thước, khối lượng': 'Dài 326.4 mm - Ngang 208.6 mm - Dày 5.4 mm - Nặng 723 g', 'Thời điểm ra mắt': '10/2024', 'Hãng': 'Samsung. Xem thông tin hãng'}","[{'color': 'Bạc', 'price': 26190000.0}, {'color': 'Xám', 'price': 26190000.0}]"
iPad Air 6 M2 11 inch WiFi 1TB,https://www.thegioididong.com/may-tinh-bang/ipad-air-m2-11-inch-wifi-1tb?utm_flashsale=1,máy tính bảng,iPad (Apple),"{'Công nghệ màn hình': 'Retina IPS LCD', 'Độ phân giải': '12 MP', 'Màn hình rộng': '11"" - Tần số quét Hãng không công bố', 'Hệ điều hành': 'iPadOS 17', 'Chip xử lý (CPU)': 'Apple M2 8 nhân', 'Tốc độ CPU': 'Hãng không công bố', 'Chip đồ hoạ (GPU)': 'Apple GPU 9 nhân', 'RAM': '8 GB', 'Dung lượng lưu trữ': '1 TB', 'Dung lượng còn lại (khả dụng) khoảng': '1009 GB', 'Quay phim': '4K 2160p@30fps', 'Tính năng': 'Trôi nhanh thời gian (Time Lapse)', 'Thực hiện cuộc gọi': 'Nghe gọi qua FaceTime', 'Wifi': 'Wi-Fi 6E', 'GPS': 'iBeacon', 'Bluetooth': 'v5.3', 'Cổng kết nối/sạc': 'Type-C', 'Jack tai nghe': 'Type-C', 'Tính năng đặc biệt': 'Âm thanh Dolby Atmos', 'Ghi âm': 'Có', 'Dung lượng pin': '28.93 Wh', 'Loại pin': 'Li-Po', 'Công nghệ pin': 'Sạc pin nhanh', 'Hỗ trợ sạc tối đa': '20 W', 'Sạc kèm theo máy': '20 W', 'Chất liệu': 'Nhôm nguyên khối', 'Kích thước, khối lượng': 'Dài 247.6 mm - Ngang 178.5 mm - Dày 6.1 mm - Nặng 462 g', 'Thời điểm ra mắt': '05/2024', 'Hãng': 'iPad (Apple). Xem thông tin hãng'}","[{'color': 'Tím', 'price': 25790000.0}, {'color': 'Xám', 'price': 25790000.0}, {'color': 'Xanh Dương', 'price': 25790000.0}]"
